<?xml version="1.0" encoding="utf-8"?>
<odoo>
    <record id="ir_cron_reverse_entry" model="ir.cron">
        <field name="name">Account; Reverse entries</field>
        <field name="interval_number">1</field>
        <field name="interval_type">days</field>
        <field name="numbercall">-1</field>
        <field name="doall" eval="False"/>
        <field name="model_id" ref="model_account_move"/>
        <field name="code">model._run_reverses_entries()</field>
        <field name="state">code</field>
    </record>
</odoo>
